{
  "src/Renderer.js": 1776654309.3636897,
  "src/GameEngine.js": 1776654236.6677868,
  "src/main.js": 1776654342.703448,
  "src/ai/MicroAI.js": 1776533862.6853004,
  "src/ai/Commander.js": 1776589613.7270658,
  "src/ai/StateMachine.js": 1776532543.5886862,
  "src/ai/MacroAI.js": 1776654372.4121957,
  "src/entities/Building.js": 1776654081.0454614,
  "src/entities/ResourceNode.js": 1776654170.9010146,
  "src/entities/Horseman.js": 1776601953.546793,
  "src/entities/MenAtArms.js": 1776601965.7198458,
  "src/entities/Spearman.js": 1776601998.8793476,
  "src/entities/BaseUnit.js": 1776532489.7474391,
  "src/entities/Archer.js": 1776532530.7095366,
  "src/entities/Crossbowman.js": 1776601978.5594223,
  "src/entities/Villager.js": 1776569467.536041,
  "src/entities/Knight.js": 1776532508.930291,
  "index.html": 1776654475.9591649,
  "README.md": 1776607770.9656293
}